年月底,消費者貸款小  計,購置住宅   貸款,房屋修繕   貸款,汽車貸款,機關團體職工福利貸款,其他個人消費性貸款,信用卡循環信用餘額,建築貸款
7707,"  741,707 ","  313,054 ","  214,436 ","  7,613 ","  60,071 ","  146,533 ",  -   ,"  40,895 "
7708,"  754,632 ","  322,230 ","  214,230 ","  7,205 ","  60,417 ","  150,550 ",  -   ,"  43,886 "
7709,"  778,461 ","  379,673 ","  218,529 ","  8,042 ","  60,664 ","  111,553 ",  -   ,"  47,031 "
7710,"  789,392 ","  383,881 ","  223,095 ","  8,030 ","  60,785 ","  113,601 ",  -   ,"  49,413 "
7711,"  806,728 ","  394,491 ","  228,079 ","  7,701 ","  60,115 ","  116,342 ",  -   ,"  54,520 "
7712,"  840,875 ","  415,201 ","  236,062 ","  7,742 ","  62,779 ","  119,091 ",  -   ,"  54,876 "
7801,"  855,900 ","  423,509 ","  240,738 ","  7,767 ","  63,301 ","  120,585 ",  -   ,"  57,958 "
7802,"  871,555 ","  433,296 ","  245,384 ","  8,052 ","  62,806 ","  122,017 ",  -   ,"  60,251 "
7803,"  891,937 ","  448,972 ","  249,602 ","  8,267 ","  62,320 ","  122,776 ",  -   ,"  61,866 "
7804,"  904,587 ","  452,213 ","  253,708 ","  10,442 ","  63,015 ","  125,209 ",  -   ,"  63,279 "
7805,"  905,050 ","  454,124 ","  254,552 ","  8,411 ","  61,888 ","  126,075 ",  -   ,"  60,849 "
7806,"  910,883 ","  457,314 ","  257,641 ","  8,144 ","  62,305 ","  125,479 ",  -   ,"  63,379 "
7807,"  911,653 ","  459,748 ","  258,606 ","  8,258 ","  60,925 ","  124,116 ",  -   ,"  65,977 "
7808,"  918,314 ","  466,067 ","  260,211 ","  8,343 ","  59,885 ","  123,808 ",  -   ,"  62,915 "
7809,"  933,645 ","  473,424 ","  266,438 ","  8,308 ","  58,972 ","  126,503 ",  -   ,"  64,526 "
7810,"  944,900 ","  478,109 ","  269,878 ","  7,680 ","  59,032 ","  130,201 ",  -   ,"  64,488 "
7811,"  954,758 ","  482,924 ","  274,531 ","  7,439 ","  58,174 ","  131,690 ",  -   ,"  63,956 "
7812,"  975,375 ","  490,867 ","  283,357 ","  7,581 ","  58,517 ","  135,053 ",  -   ,"  63,351 "
7901,"  996,956 ","  501,214 ","  292,825 ","  7,558 ","  58,089 ","  137,270 ",  -   ,"  64,001 "
7902,"  1,012,106 ","  508,596 ","  300,262 ","  7,633 ","  57,309 ","  138,306 ",  -   ,"  65,667 "
7903,"  1,020,356 ","  512,611 ","  304,730 ","  7,436 ","  56,284 ","  139,295 ",  -   ,"  63,895 "
7904,"  1,022,175 ","  511,716 ","  308,830 ","  7,158 ","  54,938 ","  139,533 ",  -   ,"  62,721 "
7905,"  1,028,228 ","  518,914 ","  308,258 ","  7,205 ","  53,722 ","  140,129 ",  -   ,"  61,467 "
7906,"  1,035,706 ","  521,322 ","  313,658 ","  7,151 ","  52,777 ","  140,798 ",  -   ,"  60,190 "
7907,"  1,033,659 ","  518,435 ","  317,495 ","  6,869 ","  51,390 ","  139,470 ",  -   ,"  63,261 "
7908,"  1,042,026 ","  522,391 ","  326,854 ","  6,696 ","  49,129 ","  136,956 ",  -   ,"  64,000 "
7909,"  1,044,513 ","  523,597 ","  331,303 ","  6,746 ","  48,876 ","  133,991 ",  -   ,"  63,855 "
7910,"  1,048,246 ","  524,850 ","  335,154 ","  6,534 ","  47,901 ","  133,807 ",  -   ,"  67,291 "
7911,"  1,056,553 ","  529,190 ","  338,928 ","  6,442 ","  47,529 ","  134,464 ",  -   ,"  65,236 "
7912,"  1,070,806 ","  536,653 ","  345,663 ","  6,300 ","  47,436 ","  134,754 ",  -   ,"  66,079 "
8001,"  1,086,643 ","  544,329 ","  347,078 ","  6,436 ","  47,187 ","  141,613 ",  -   ,"  65,058 "
8002,"  1,103,242 ","  555,938 ","  350,629 ","  7,693 ","  47,961 ","  141,021 ",  -   ,"  65,781 "
8003,"  1,102,876 ","  558,216 ","  353,331 ","  6,690 ","  46,761 ","  137,878 ",  -   ,"  69,165 "
8004,"  1,109,787 ","  566,439 ","  354,635 ","  6,124 ","  46,189 ","  136,400 ",  -   ,"  76,920 "
8005,"  1,116,006 ","  574,105 ","  356,470 ","  6,138 ","  44,089 ","  135,204 ",  -   ,"  73,721 "
8006,"  1,138,323 ","  588,062 ","  362,863 ","  6,337 ","  43,980 ","  137,081 ",  -   ,"  81,101 "
8007,"  1,157,908 ","  603,828 ","  365,225 ","  6,041 ","  44,698 ","  138,116 ",  -   ,"  84,025 "
8008,"  1,171,917 ","  615,648 ","  370,005 ","  5,923 ","  44,129 ","  136,212 ",  -   ,"  87,994 "
8009,"  1,191,355 ","  629,073 ","  376,379 ","  5,284 ","  43,551 ","  137,068 ",  -   ,"  91,979 "
8010,"  1,199,139 ","  640,784 ","  385,485 ","  5,309 ","  43,317 ","  124,244 ",  -   ,"  95,436 "
8011,"  1,220,347 ","  657,017 ","  388,941 ","  5,422 ","  42,893 ","  126,074 ",  -   ,"  102,308 "
8012,"  1,246,127 ","  667,269 ","  398,835 ","  5,414 ","  42,918 ","  131,691 ",  -   ,"  117,655 "
8101,"  1,283,484 ","  696,229 ","  404,312 ","  5,489 ","  43,747 ","  133,707 ",  -   ,"  131,969 "
8102,"  1,291,195 ","  702,984 ","  407,391 ","  5,446 ","  43,390 ","  131,984 ",  -   ,"  139,925 "
8103,"  1,308,617 ","  710,012 ","  418,997 ","  5,510 ","  43,656 ","  130,442 ",  -   ,"  159,123 "
8104,"  1,331,580 ","  716,619 ","  434,242 ","  5,704 ","  43,324 ","  131,691 ",  -   ,"  173,234 "
8105,"  1,364,171 ","  728,744 ","  447,238 ","  6,110 ","  42,934 ","  139,145 ",  -   ,"  194,494 "
8106,"  1,401,246 ","  757,761 ","  456,830 ","  7,117 ","  43,241 ","  136,297 ",  -   ,"  214,543 "
8107,"  1,464,862 ","  841,664 ","  437,626 ","  9,934 ","  42,097 ","  133,541 ",  -   ,"  238,203 "
8108,"  1,493,094 ","  872,785 ","  438,434 ","  10,243 ","  41,827 ","  129,805 ",  -   ,"  248,117 "
8109,"  1,484,135 ","  862,944 ","  440,323 ","  10,333 ","  40,594 ","  129,941 ",  -   ,"  253,015 "
8110,"  1,496,594 ","  870,226 ","  447,825 ","  10,204 ","  39,618 ","  128,721 ",  -   ,"  257,167 "
8111,"  1,506,105 ","  876,599 ","  448,638 ","  10,471 ","  39,353 ","  131,044 ",  -   ,"  265,867 "
8112,"  1,528,810 ","  888,471 ","  457,423 ","  11,613 ","  39,872 ","  131,431 ",  -   ,"  272,427 "
8201,"  1,543,919 ","  900,027 ","  463,419 ","  11,854 ","  39,716 ","  128,903 ",  -   ,"  277,179 "
8202,"  1,550,480 ","  905,873 ","  468,428 ","  11,207 ","  38,738 ","  126,234 ",  -   ,"  285,326 "
8203,"  1,564,009 ","  913,786 ","  472,019 ","  11,334 ","  38,652 ","  128,218 ",  -   ,"  299,761 "
8204,"  1,580,873 ","  925,463 ","  476,045 ","  11,712 ","  38,016 ","  129,637 ",  -   ,"  301,926 "
8205,"  1,603,980 ","  940,737 ","  483,646 ","  12,470 ","  38,059 ","  129,068 ",  -   ,"  310,112 "
8206,"  1,623,680 ","  953,022 ","  489,202 ","  12,964 ","  37,209 ","  131,283 ",  -   ,"  315,894 "
8207,"  1,646,829 ","  968,517 ","  496,288 ","  13,530 ","  37,111 ","  131,383 ",  -   ,"  541,371 "
8208,"  1,661,190 ","  977,821 ","  502,073 ","  14,370 ","  36,319 ","  130,607 ",  -   ,"  561,759 "
8209,"  1,669,734 ","  984,314 ","  508,452 ","  14,972 ","  37,416 ","  124,580 ",  -   ,"  576,453 "
8210,"  1,689,323 ","  998,523 ","  511,739 ","  15,439 ","  36,849 ","  126,773 ",  -   ,"  582,857 "
8211,"  1,704,376 ","  1,013,227 ","  511,060 ","  16,312 ","  36,402 ","  127,375 ",  -   ,"  600,432 "
8212,"  1,742,423 ","  1,032,875 ","  529,349 ","  17,823 ","  38,108 ","  124,268 ",  -   ,"  630,816 "
8301,"  1,771,999 ","  1,057,940 ","  534,904 ","  19,334 ","  37,962 ","  121,859 ",  -   ,"  640,049 "
8302,"  1,792,245 ","  1,076,685 ","  535,343 ","  20,115 ","  38,482 ","  121,620 ",  -   ,"  640,342 "
8303,"  1,811,496 ","  1,095,161 ","  535,306 ","  21,138 ","  38,017 ","  121,874 ",  -   ,"  644,812 "
8304,"  1,844,815 ","  1,114,336 ","  544,707 ","  21,573 ","  37,360 ","  126,839 ",  -   ,"  632,729 "
8305,"  1,879,771 ","  1,137,576 ","  551,033 ","  22,026 ","  36,642 ","  132,494 ",  -   ,"  676,594 "
8306,"  1,921,912 ","  1,167,680 ","  558,035 ","  24,368 ","  37,155 ","  134,674 ",  -   ,"  685,942 "
8307,"  1,954,512 ","  1,192,897 ","  561,520 ","  25,047 ","  37,250 ","  137,798 ",  -   ,"  693,647 "
8308,"  1,987,705 ","  1,221,813 ","  565,977 ","  25,209 ","  36,770 ","  137,936 ",  -   ,"  709,207 "
8309,"  2,029,674 ","  1,255,992 ","  572,839 ","  25,271 ","  37,748 ","  137,824 ",  -   ,"  703,576 "
8310,"  2,085,401 ","  1,302,979 ","  578,198 ","  25,683 ","  37,918 ","  140,623 ",  -   ,"  720,029 "
8311,"  2,124,653 ","  1,334,594 ","  583,153 ","  25,936 ","  37,390 ","  143,580 ",  -   ,"  721,122 "
8312,"  2,177,078 ","  1,373,730 ","  591,004 ","  26,505 ","  37,232 ","  148,607 ",  -   ,"  714,803 "
8401,"  2,214,490 ","  1,404,514 ","  595,207 ","  27,814 ","  36,979 ","  149,976 ",  -   ,"  715,703 "
8402,"  2,213,506 ","  1,411,300 ","  590,721 ","  27,590 ","  36,192 ","  147,703 ",  -   ,"  714,294 "
8403,"  2,244,292 ","  1,438,147 ","  596,014 ","  28,131 ","  35,573 ","  146,427 ",  -   ,"  715,214 "
8404,"  2,275,598 ","  1,463,430 ","  598,517 ","  28,250 ","  34,988 ","  150,413 ",  -   ,"  715,584 "
8405,"  2,302,286 ","  1,483,752 ","  602,926 ","  28,574 ","  34,658 ","  152,376 ",  -   ,"  711,581 "
8406,"  2,341,162 ","  1,515,713 ","  607,548 ","  28,682 ","  34,683 ","  154,536 ",  -   ,"  704,032 "
8407,"  2,372,536 ","  1,543,088 ","  609,423 ","  28,474 ","  34,482 ","  157,069 ",  -   ,"  683,677 "
8408,"  2,406,465 ","  1,565,238 ","  618,038 ","  27,705 ","  34,607 ","  160,877 ",  -   ,"  679,459 "
8409,"  2,435,498 ","  1,589,920 ","  620,956 ","  27,208 ","  35,790 ","  161,624 ",  -   ,"  679,482 "
8410,"  2,472,946 ","  1,620,746 ","  629,886 ","  26,400 ","  36,268 ","  159,646 ",  -   ,"  656,924 "
8411,"  2,503,026 ","  1,649,137 ","  630,267 ","  26,184 ","  36,342 ","  161,096 ",  -   ,"  645,567 "
8412,"  2,559,158 ","  1,696,043 ","  634,031 ","  25,807 ","  37,970 ","  165,307 ",  -   ,"  629,356 "
8501,"  2,597,773 ","  1,727,445 ","  639,621 ","  25,546 ","  38,620 ","  166,541 ",  -   ,"  607,656 "
8502,"  2,630,323 ","  1,754,069 ","  645,535 ","  25,407 ","  39,709 ","  165,603 ",  -   ,"  602,378 "
8503,"  2,649,358 ","  1,773,422 ","  647,783 ","  24,703 ","  37,362 ","  166,088 ",  -   ,"  594,756 "
8504,"  2,687,842 ","  1,800,213 ","  651,054 ","  23,715 ","  39,183 ","  173,677 ",  -   ,"  581,492 "
8505,"  2,719,692 ","  1,821,364 ","  656,213 ","  23,053 ","  38,956 ","  180,106 ",  -   ,"  570,570 "
8506,"  2,800,965 ","  1,881,850 ","  660,886 ","  33,179 ","  39,719 ","  185,331 ",  -   ,"  570,785 "
8507,"  2,879,164 ","  1,897,921 ","  665,398 ","  32,150 ","  40,615 ","  243,080 ",  -   ,"  555,781 "
8508,"  2,903,808 ","  1,920,116 ","  665,519 ","  31,227 ","  43,157 ","  243,789 ",  -   ,"  549,939 "
8509,"  2,934,319 ","  1,939,899 ","  671,259 ","  30,711 ","  43,410 ","  249,040 ",  -   ,"  537,283 "
8510,"  2,948,822 ","  1,950,301 ","  674,577 ","  30,090 ","  44,321 ","  249,533 ",  -   ,"  528,967 "
8511,"  2,968,641 ","  1,965,120 ","  676,825 ","  30,247 ","  45,381 ","  251,068 ",  -   ,"  525,162 "
8512,"  3,022,425 ","  2,002,590 ","  683,108 ","  30,109 ","  47,637 ","  258,981 ",  -   ,"  517,044 "
8601,"  3,127,318 ","  2,041,537 ","  685,982 ","  30,957 ","  47,871 ","  264,497 ","  56,474 ","  509,346 "
8602,"  3,164,663 ","  2,058,580 ","  692,728 ","  30,305 ","  49,439 ","  274,790 ","  58,821 ","  508,944 "
8603,"  3,196,112 ","  2,072,719 ","  698,533 ","  29,925 ","  52,370 ","  283,306 ","  59,259 ","  506,632 "
8604,"  3,230,120 ","  2,087,098 ","  702,085 ","  29,811 ","  52,556 ","  297,007 ","  61,563 ","  513,617 "
8605,"  3,278,210 ","  2,127,793 ","  702,876 ","  29,626 ","  53,354 ","  302,599 ","  61,962 ","  509,567 "
8606,"  3,330,120 ","  2,155,535 ","  715,361 ","  30,065 ","  53,779 ","  309,809 ","  65,571 ","  520,360 "
8607,"  3,376,556 ","  2,181,477 ","  720,927 ","  30,672 ","  54,210 ","  322,156 ","  67,114 ","  514,178 "
8608,"  3,413,259 ","  2,194,104 ","  732,300 ","  30,424 ","  54,629 ","  332,054 ","  69,748 ","  524,213 "
8609,"  3,517,134 ","  2,268,391 ","  740,617 ","  31,246 ","  55,456 ","  348,196 ","  73,228 ","  538,991 "
8610,"  3,521,542 ","  2,259,262 ","  747,268 ","  32,056 ","  55,827 ","  352,284 ","  74,845 ","  533,495 "
8611,"  3,543,950 ","  2,267,892 ","  753,865 ","  32,456 ","  56,378 ","  356,057 ","  77,302 ","  545,904 "
8612,"  3,598,047 ","  2,289,903 ","  765,514 ","  33,158 ","  58,303 ","  370,185 ","  80,984 ","  553,191 "
8701,"  3,634,811 ","  2,305,426 ","  771,400 ","  34,740 ","  58,242 ","  378,704 ","  86,299 ","  566,254 "
8702,"  3,643,970 ","  2,315,561 ","  777,161 ","  34,267 ","  56,686 ","  375,872 ","  84,423 ","  566,469 "
8703,"  3,655,437 ","  2,315,766 ","  780,892 ","  34,317 ","  56,511 ","  379,097 ","  88,854 ","  568,193 "
8704,"  3,670,017 ","  2,324,849 ","  787,205 ","  34,624 ","  56,127 ","  378,481 ","  88,731 ","  566,603 "
8705,"  3,689,380 ","  2,327,926 ","  792,529 ","  34,745 ","  54,534 ","  386,112 ","  93,534 ","  574,821 "
8706,"  3,720,395 ","  2,338,040 ","  800,140 ","  35,320 ","  55,673 ","  398,164 ","  93,058 ","  589,786 "
8707,"  3,753,526 ","  2,350,061 ","  807,051 ","  35,912 ","  55,973 ","  406,639 ","  97,890 ","  582,744 "
8708,"  3,767,709 ","  2,353,366 ","  809,822 ","  35,997 ","  56,159 ","  412,172 ","  100,193 ","  588,260 "
8709,"  3,787,687 ","  2,361,534 ","  813,971 ","  36,328 ","  56,134 ","  414,831 ","  104,889 ","  593,398 "
8710,"  3,805,148 ","  2,372,537 ","  814,726 ","  35,677 ","  57,457 ","  415,528 ","  109,223 ","  592,615 "
8711,"  3,853,256 ","  2,415,845 ","  815,442 ","  39,741 ","  56,224 ","  415,531 ","  110,473 ","  613,007 "
8712,"  3,873,602 ","  2,420,346 ","  819,222 ","  40,956 ","  59,092 ","  417,886 ","  116,100 ","  612,298 "
8801,"  3,927,777 ","  2,463,164 ","  818,637 ","  41,887 ","  60,097 ","  422,579 ","  121,413 ","  613,483 "
8802,"  3,931,817 ","  2,473,353 ","  813,577 ","  42,704 ","  60,194 ","  419,380 ","  122,609 ","  610,940 "
8803,"  3,936,011 ","  2,482,198 ","  810,913 ","  42,785 ","  59,879 ","  417,107 ","  123,129 ","  599,964 "
8804,"  3,960,494 ","  2,495,731 ","  811,287 ","  43,261 ","  60,038 ","  429,139 ","  121,038 ","  591,721 "
8805,"  3,976,580 ","  2,509,696 ","  808,594 ","  43,826 ","  60,638 ","  428,895 ","  124,931 ","  582,255 "
8806,"  3,993,721 ","  2,522,486 ","  806,869 ","  44,664 ","  61,115 ","  431,973 ","  126,614 ","  581,465 "
8807,"  3,990,618 ","  2,521,214 ","  803,634 ","  45,104 ","  62,070 ","  430,181 ","  128,415 ","  570,664 "
8808,"  3,993,692 ","  2,519,395 ","  801,426 ","  45,526 ","  64,652 ","  431,681 ","  131,012 ","  568,860 "
8809,"  3,995,700 ","  2,517,124 ","  799,930 ","  45,777 ","  63,630 ","  427,210 ","  142,029 ","  578,104 "
8810,"  3,995,082 ","  2,520,950 ","  798,124 ","  46,064 ","  64,693 ","  420,469 ","  144,782 ","  577,548 "
8811,"  4,008,720 ","  2,525,593 ","  797,117 ","  46,071 ","  65,250 ","  427,159 ","  147,530 ","  581,073 "
8812,"  4,050,223 ","  2,539,707 ","  799,768 ","  46,431 ","  68,727 ","  444,514 ","  151,076 ","  591,918 "
8901,"  4,047,223 ","  2,529,594 ","  804,799 ","  47,340 ","  69,272 ","  442,924 ","  153,294 ","  582,281 "
8902,"  4,050,284 ","  2,521,279 ","  805,110 ","  47,341 ","  68,343 ","  448,484 ","  159,727 ","  583,331 "
8903,"  4,059,844 ","  2,527,972 ","  808,257 ","  47,417 ","  68,626 ","  451,614 ","  155,958 ","  575,951 "
8904,"  4,074,095 ","  2,549,127 ","  810,259 ","  47,664 ","  69,898 ","  438,108 ","  159,039 ","  575,106 "
8905,"  4,092,505 ","  2,553,736 ","  814,414 ","  48,013 ","  69,004 ","  449,033 ","  158,305 ","  577,078 "
8906,"  4,116,241 ","  2,560,800 ","  821,568 ","  48,275 ","  72,195 ","  449,446 ","  163,957 ","  583,858 "
8907,"  4,147,733 ","  2,573,770 ","  825,561 ","  48,585 ","  72,926 ","  460,938 ","  165,953 ","  582,301 "
8908,"  4,151,921 ","  2,572,606 ","  826,729 ","  48,490 ","  71,593 ","  463,073 ","  169,430 ","  579,037 "
8909,"  4,182,704 ","  2,587,128 ","  829,629 ","  48,967 ","  73,812 ","  469,373 ","  173,795 ","  574,611 "
8910,"  4,232,822 ","  2,615,963 ","  834,457 ","  50,409 ","  76,199 ","  477,032 ","  178,762 ","  569,469 "
8911,"  4,268,503 ","  2,635,105 ","  846,152 ","  51,106 ","  76,310 ","  478,846 ","  180,984 ","  565,071 "
8912,"  4,296,486 ","  2,651,772 ","  849,621 ","  51,607 ","  76,737 ","  480,480 ","  186,269 ","  558,510 "
9001,"  4,301,010 ","  2,655,767 ","  842,700 ","  53,107 ","  75,808 ","  483,094 ","  190,534 ","  548,703 "
9002,"  4,294,670 ","  2,654,592 ","  836,387 ","  53,485 ","  74,593 ","  482,627 ","  192,986 ","  543,745 "
9003,"  4,289,526 ","  2,653,388 ","  828,631 ","  53,617 ","  73,484 ","  485,957 ","  194,449 ","  543,529 "
9004,"  4,286,608 ","  2,656,899 ","  819,890 ","  54,185 ","  72,124 ","  490,565 ","  192,945 ","  529,710 "
9005,"  4,288,667 ","  2,654,500 ","  812,439 ","  55,386 ","  71,183 ","  497,392 ","  197,767 ","  527,598 "
9006,"  4,291,480 ","  2,655,117 ","  805,534 ","  56,068 ","  71,375 ","  502,272 ","  201,114 ","  518,236 "
9007,"  4,288,701 ","  2,646,151 ","  798,222 ","  56,897 ","  70,976 ","  505,220 ","  211,235 ","  512,067 "
9008,"  4,290,638 ","  2,642,488 ","  791,152 ","  58,192 ","  69,994 ","  506,522 ","  222,290 ","  503,116 "
9009,"  4,276,447 ","  2,634,448 ","  784,069 ","  58,680 ","  69,700 ","  506,830 ","  222,720 ","  500,749 "
9010,"  4,250,899 ","  2,618,621 ","  787,874 ","  60,226 ","  69,247 ","  490,424 ","  224,507 ","  515,797 "
9011,"  4,265,385 ","  2,633,945 ","  781,030 ","  61,969 ","  69,345 ","  491,478 ","  227,618 ","  512,432 "
9012,"  4,270,124 ","  2,623,276 ","  780,717 ","  63,520 ","  73,354 ","  495,968 ","  233,289 ","  507,837 "
9101,"  4,283,820 ","  2,638,405 ","  771,579 ","  64,742 ","  74,733 ","  496,188 ","  238,173 ","  486,733 "
9102,"  4,262,433 ","  2,637,723 ","  753,133 ","  63,939 ","  74,650 ","  485,922 ","  247,066 ","  484,067 "
9103,"  4,246,812 ","  2,636,522 ","  745,631 ","  63,693 ","  75,253 ","  485,126 ","  240,587 ","  474,114 "
9104,"  4,264,862 ","  2,650,578 ","  739,648 ","  63,341 ","  78,121 ","  487,024 ","  246,150 ","  462,650 "
9105,"  4,295,094 ","  2,667,613 ","  735,780 ","  64,013 ","  81,024 ","  495,236 ","  251,428 ","  450,108 "
9106,"  4,309,584 ","  2,682,307 ","  728,802 ","  64,918 ","  81,544 ","  492,942 ","  259,071 ","  452,131 "
9107,"  4,325,535 ","  2,689,687 ","  721,703 ","  65,658 ","  83,048 ","  500,396 ","  265,043 ","  440,796 "
9108,"  4,334,613 ","  2,697,379 ","  713,507 ","  65,654 ","  86,729 ","  501,140 ","  270,204 ","  434,392 "
9109,"  4,348,220 ","  2,706,505 ","  711,140 ","  65,298 ","  86,244 ","  499,036 ","  279,997 ","  430,885 "
9110,"  4,369,860 ","  2,721,496 ","  708,036 ","  65,904 ","  87,918 ","  502,768 ","  283,738 ","  426,148 "
9111,"  4,391,274 ","  2,741,355 ","  701,574 ","  67,019 ","  88,032 ","  507,690 ","  285,604 ","  416,906 "
9112,"  4,442,484 ","  2,768,188 ","  695,283 ","  69,299 ","  90,908 ","  527,988 ","  290,818 ","  418,809 "
9201,"  4,422,361 ","  2,771,963 ","  703,717 ","  71,690 ","  90,895 ","  485,895 ","  298,201 ","  406,553 "
9202,"  4,422,806 ","  2,769,515 ","  699,357 ","  70,930 ","  91,374 ","  487,520 ","  304,110 ","  401,955 "
9203,"  4,441,018 ","  2,780,267 ","  695,643 ","  71,055 ","  97,539 ","  495,567 ","  300,947 ","  400,426 "
9204,"  4,485,949 ","  2,794,538 ","  694,369 ","  71,689 ","  116,348 ","  500,574 ","  308,431 ","  400,160 "
9205,"  4,534,103 ","  2,811,011 ","  694,165 ","  72,061 ","  126,851 ","  514,562 ","  315,453 ","  389,828 "
9206,"  4,595,520 ","  2,835,738 ","  694,671 ","  73,082 ","  135,311 ","  535,381 ","  321,337 ","  397,120 "
9207,"  4,654,571 ","  2,857,916 ","  705,516 ","  74,491 ","  139,196 ","  548,980 ","  328,472 ","  395,690 "
9208,"  4,707,664 ","  2,879,683 ","  710,645 ","  74,871 ","  147,049 ","  556,535 ","  338,881 ","  396,429 "
9209,"  4,768,921 ","  2,903,432 ","  710,352 ","  75,834 ","  157,307 ","  568,351 ","  353,645 ","  399,657 "
9210,"  4,822,504 ","  2,927,819 ","  712,845 ","  76,888 ","  161,114 ","  584,240 ","  359,598 ","  399,961 "
9211,"  4,880,970 ","  2,979,364 ","  693,955 ","  78,375 ","  163,564 ","  596,868 ","  368,844 ","  420,116 "
9212,"  4,969,421 ","  3,038,881 ","  690,016 ","  80,452 ","  172,455 ","  613,140 ","  374,477 ","  420,396 "
9301,"  5,014,195 ","  3,071,398 ","  683,285 ","  81,897 ","  171,256 ","  621,943 ","  384,416 ","  418,443 "
9302,"  5,041,786 ","  3,093,510 ","  681,784 ","  82,574 ","  172,196 ","  622,211 ","  389,511 ","  416,008 "
9303,"  5,107,512 ","  3,127,725 ","  687,185 ","  83,769 ","  175,202 ","  641,889 ","  391,742 ","  425,790 "
9304,"  5,205,109 ","  3,180,954 ","  687,826 ","  84,759 ","  178,249 ","  677,430 ","  395,891 ","  439,041 "
9305,"  5,308,634 ","  3,224,569 ","  690,911 ","  87,149 ","  180,553 ","  722,133 ","  403,319 ","  450,089 "
9306,"  5,396,906 ","  3,263,001 ","  694,249 ","  90,276 ","  181,445 ","  754,583 ","  413,352 ","  452,712 "
9307,"  5,473,510 ","  3,295,179 ","  695,371 ","  94,707 ","  184,059 ","  783,822 ","  420,372 ","  463,314 "
9308,"  5,548,033 ","  3,322,618 ","  699,580 ","  97,406 ","  183,203 ","  819,356 ","  425,870 ","  470,440 "
9309,"  5,616,951 ","  3,351,580 ","  702,612 ","  96,064 ","  181,892 ","  855,456 ","  429,347 ","  483,544 "
9310,"  5,677,423 ","  3,393,476 ","  705,155 ","  100,250 ","  181,559 ","  881,645 ","  415,338 ","  488,823 "
9311,"  5,758,806 ","  3,430,332 ","  707,242 ","  104,007 ","  181,766 ","  913,647 ","  421,812 ","  503,808 "
9312,"  5,861,529 ","  3,482,662 ","  710,373 ","  109,471 ","  181,936 ","  952,118 ","  424,969 ","  508,638 "
9401,"  5,919,046 ","  3,539,074 ","  687,742 ","  116,368 ","  179,908 ","  965,616 ","  430,338 ","  515,047 "
9402,"  5,937,054 ","  3,547,054 ","  686,797 ","  117,571 ","  177,277 ","  973,112 ","  435,243 ","  524,354 "
9403,"  6,038,387 ","  3,594,975 ","  690,592 ","  120,507 ","  176,989 ","  1,009,722 ","  445,602 ","  536,192 "
9404,"  6,134,715 ","  3,625,532 ","  707,080 ","  123,384 ","  175,627 ","  1,055,660 ","  447,432 ","  545,037 "
9405,"  6,209,473 ","  3,661,193 ","  710,039 ","  126,274 ","  174,046 ","  1,093,612 ","  444,309 ","  560,097 "
9406,"  6,285,133 ","  3,706,865 ","  712,554 ","  129,619 ","  172,918 ","  1,115,760 ","  447,417 ","  578,177 "
9407,"  6,338,986 ","  3,736,757 ","  716,702 ","  133,291 ","  171,252 ","  1,126,808 ","  454,176 ","  581,430 "
9408,"  6,375,077 ","  3,766,433 ","  719,403 ","  134,621 ","  165,666 ","  1,137,429 ","  451,525 ","  595,614 "
9409,"  6,431,260 ","  3,801,093 ","  721,148 ","  137,002 ","  163,936 ","  1,146,573 ","  461,508 ","  599,835 "
9410,"  6,477,525 ","  3,838,439 ","  724,595 ","  138,244 ","  162,176 ","  1,148,490 ","  465,581 ","  625,007 "
9411,"  6,518,663 ","  3,875,330 ","  728,718 ","  138,837 ","  171,833 ","  1,136,820 ","  467,125 ","  641,048 "
9412,"  6,583,867 ","  3,924,208 ","  731,299 ","  140,371 ","  171,361 ","  1,151,036 ","  465,592 ","  661,265 "
9501,"  6,600,078 ","  3,965,063 ","  734,045 ","  143,133 ","  172,773 ","  1,121,166 ","  463,898 ","  671,275 "
9502,"  6,572,784 ","  3,966,924 ","  733,066 ","  140,565 ","  170,269 ","  1,107,378 ","  454,582 ","  672,874 "
9503,"  6,553,479 ","  4,000,312 ","  737,200 ","  138,632 ","  169,296 ","  1,077,989 ","  430,050 ","  674,103 "
9504,"  6,539,516 ","  4,026,485 ","  739,394 ","  137,290 ","  168,375 ","  1,056,582 ","  411,390 ","  686,684 "
9505,"  6,534,203 ","  4,061,000 ","  742,050 ","  135,131 ","  166,736 ","  1,033,715 ","  395,571 ","  697,845 "
9506,"  6,536,842 ","  4,098,321 ","  746,847 ","  134,577 ","  165,600 ","  1,008,676 ","  382,821 ","  713,713 "
9507,"  6,542,559 ","  4,136,415 ","  743,715 ","  132,985 ","  163,654 ","  989,815 ","  375,975 ","  714,608 "
9508,"  6,498,480 ","  4,148,590 ","  750,866 ","  130,583 ","  161,835 ","  948,621 ","  357,985 ","  738,623 "
9509,"  6,481,199 ","  4,159,888 ","  768,540 ","  128,750 ","  159,737 ","  917,804 ","  346,480 ","  763,718 "
9510,"  6,469,458 ","  4,175,947 ","  777,322 ","  125,554 ","  157,055 ","  897,503 ","  336,077 ","  779,632 "
9511,"  6,495,170 ","  4,228,312 ","  779,912 ","  122,951 ","  153,563 ","  882,010 ","  328,422 ","  790,398 "
9512,"  6,525,931 ","  4,271,879 ","  795,700 ","  120,269 ","  148,824 ","  868,509 ","  320,750 ","  813,278 "
9601,"  6,523,926 ","  4,291,003 ","  802,353 ","  118,089 ","  146,813 ","  852,049 ","  313,619 ","  861,303 "
9602,"  6,512,600 ","  4,303,817 ","  804,947 ","  116,146 ","  143,665 ","  833,586 ","  310,439 ","  878,413 "
9603,"  6,494,498 ","  4,312,290 ","  816,474 ","  112,614 ","  140,293 ","  813,759 ","  299,068 ","  898,833 "
9604,"  6,493,328 ","  4,321,778 ","  832,439 ","  109,562 ","  137,846 ","  798,432 ","  293,271 ","  923,540 "
9605,"  6,518,600 ","  4,367,650 ","  823,909 ","  106,890 ","  135,851 ","  797,503 ","  286,797 ","  936,143 "
9606,"  6,525,246 ","  4,390,320 ","  829,964 ","  104,822 ","  134,087 ","  782,195 ","  283,858 ","  948,745 "
9607,"  6,533,818 ","  4,419,136 ","  829,572 ","  102,108 ","  131,987 ","  773,362 ","  277,653 ","  959,678 "
9608,"  6,540,461 ","  4,437,372 ","  830,675 ","  99,446 ","  130,357 ","  764,912 ","  277,699 ","  983,491 "
9609,"  6,542,555 ","  4,455,163 ","  830,658 ","  97,294 ","  128,306 ","  757,030 ","  274,104 ","  989,386 "
9610,"  6,535,683 ","  4,466,418 ","  828,456 ","  94,387 ","  125,604 ","  750,830 ","  269,988 ","  979,851 "
9611,"  6,550,199 ","  4,482,492 ","  831,254 ","  92,007 ","  123,692 ","  754,124 ","  266,630 ","  984,274 "
9612,"  6,568,973 ","  4,505,551 ","  832,761 ","  89,903 ","  121,789 ","  754,424 ","  264,545 ","  1,004,767 "
9701,"  6,545,412 ","  4,498,082 ","  822,973 ","  88,116 ","  119,132 ","  754,316 ","  262,793 ","  1,013,533 "
9702,"  6,510,028 ","  4,489,123 ","  819,186 ","  85,237 ","  116,294 ","  739,309 ","  260,879 ","  1,015,220 "
9703,"  6,498,439 ","  4,500,861 ","  817,973 ","  82,866 ","  113,887 ","  728,994 ","  253,858 ","  1,016,430 "
9704,"  6,514,059 ","  4,528,918 ","  817,570 ","  81,063 ","  111,826 ","  723,730 ","  250,952 ","  1,008,968 "
9705,"  6,536,884 ","  4,561,731 ","  815,665 ","  76,476 ","  109,642 ","  722,786 ","  250,584 ","  1,007,182 "
9706,"  6,560,358 ","  4,596,422 ","  814,992 ","  74,990 ","  107,637 ","  714,188 ","  252,129 ","  1,016,129 "
9707,"  6,543,854 ","  4,599,082 ","  813,813 ","  72,735 ","  105,808 ","  702,261 ","  250,155 ","  1,013,384 "
9708,"  6,515,420 ","  4,588,099 ","  801,060 ","  70,806 ","  103,772 ","  701,571 ","  250,112 ","  1,025,116 "
9709,"  6,501,936 ","  4,586,629 ","  797,048 ","  68,510 ","  101,819 ","  700,159 ","  247,771 ","  1,040,323 "
9710,"  6,471,743 ","  4,572,506 ","  795,340 ","  66,761 ","  99,786 ","  692,261 ","  245,089 ","  1,052,481 "
9711,"  6,470,170 ","  4,578,403 ","  793,725 ","  65,399 ","  97,624 ","  693,002 ","  242,017 ","  1,053,478 "
9712,"  6,470,852 ","  4,587,498 ","  789,744 ","  63,893 ","  96,168 ","  695,969 ","  237,580 ","  1,044,947 "
9801,"  6,444,576 ","  4,560,664 ","  793,994 ","  62,995 ","  94,765 ","  695,440 ","  236,718 ","  1,043,866 "
9802,"  6,398,931 ","  4,541,260 ","  788,319 ","  60,671 ","  92,821 ","  684,911 ","  230,949 ","  1,049,567 "
9803,"  6,383,490 ","  4,543,831 ","  786,769 ","  58,594 ","  91,768 ","  680,073 ","  222,455 ","  1,033,710 "
9804,"  6,390,415 ","  4,560,362 ","  781,899 ","  57,275 ","  90,839 ","  683,296 ","  216,744 ","  1,023,843 "
9805,"  6,413,162 ","  4,585,547 ","  779,861 ","  56,603 ","  89,848 ","  686,446 ","  214,857 ","  1,007,445 "
9806,"  6,436,874 ","  4,614,985 ","  776,486 ","  55,445 ","  88,555 ","  684,433 ","  216,970 ","  995,642 "
9807,"  6,458,107 ","  4,655,664 ","  772,047 ","  54,694 ","  87,486 ","  675,716 ","  212,500 ","  980,905 "
9808,"  6,496,478 ","  4,706,518 ","  768,684 ","  53,830 ","  85,870 ","  673,751 ","  207,825 ","  967,912 "
9809,"  6,521,648 ","  4,734,996 ","  767,482 ","  53,328 ","  85,137 ","  671,461 ","  209,244 ","  969,248 "
9810,"  6,529,350 ","  4,754,278 ","  764,826 ","  53,087 ","  83,485 ","  667,820 ","  205,854 ","  970,152 "
9811,"  6,549,582 ","  4,780,131 ","  759,812 ","  53,198 ","  83,213 ","  671,852 ","  201,376 ","  979,968 "
9812,"  6,591,604 ","  4,816,647 ","  755,693 ","  54,244 ","  81,850 ","  684,174 ","  198,996 ","  1,006,466 "
9901,"  6,593,845 ","  4,837,335 ","  748,408 ","  54,554 ","  80,050 ","  679,301 ","  194,197 ","  1,003,644 "
9902,"  6,585,767 ","  4,843,556 ","  741,721 ","  54,301 ","  78,546 ","  674,253 ","  193,390 ","  1,014,956 "
9903,"  6,589,015 ","  4,867,017 ","  734,798 ","  54,081 ","  76,591 ","  672,056 ","  184,472 ","  1,039,413 "
9904,"  6,607,645 ","  4,895,576 ","  723,278 ","  54,119 ","  75,276 ","  678,884 ","  180,512 ","  1,052,894 "
9905,"  6,637,911 ","  4,929,467 ","  717,162 ","  54,015 ","  74,232 ","  684,695 ","  178,340 ","  1,057,548 "
9906,"  6,653,412 ","  4,955,960 ","  709,596 ","  54,451 ","  73,423 ","  683,581 ","  176,401 ","  1,079,696 "
9907,"  6,667,407 ","  4,984,684 ","  698,417 ","  55,470 ","  72,439 ","  682,198 ","  174,199 ","  1,099,781 "
9908,"  6,662,105 ","  4,996,342 ","  686,172 ","  55,738 ","  71,483 ","  681,253 ","  171,117 ","  1,120,454 "
9909,"  6,662,828 ","  5,010,390 ","  674,791 ","  56,872 ","  70,697 ","  680,456 ","  169,622 ","  1,154,549 "
9910,"  6,673,244 ","  5,033,042 ","  664,098 ","  58,101 ","  70,148 ","  680,353 ","  167,502 ","  1,164,747 "
9911,"  6,695,687 ","  5,060,684 ","  653,141 ","  59,252 ","  69,581 ","  688,255 ","  164,774 ","  1,181,953 "
9912,"  6,717,051 ","  5,109,256 ","  613,299 ","  58,876 ","  69,997 ","  703,467 ","  162,156 ","  1,237,779 "
10001,"  6,716,871 ","  5,138,597 ","  600,054 ","  61,670 ","  69,160 ","  688,562 ","  158,828 ","  1,259,098 "
10002,"  6,694,448 ","  5,133,940 ","  589,183 ","  61,368 ","  67,856 ","  684,225 ","  157,876 ","  1,270,638 "
10003,"  6,703,832 ","  5,167,940 ","  574,930 ","  62,478 ","  67,202 ","  677,497 ","  153,785 ","  1,286,753 "
10004,"  6,723,059 ","  5,189,654 ","  565,949 ","  63,767 ","  67,008 ","  684,814 ","  151,867 ","  1,288,663 "
10005,"  6,734,811 ","  5,204,803 ","  554,229 ","  64,678 ","  66,768 ","  697,997 ","  146,336 ","  1,298,854 "
10006,"  6,738,745 ","  5,215,561 ","  542,069 ","  65,978 ","  66,849 ","  703,543 ","  144,745 ","  1,305,607 "
10007,"  6,746,197 ","  5,228,874 ","  532,224 ","  67,394 ","  67,574 ","  706,382 ","  143,749 ","  1,304,212 "
10008,"  6,747,201 ","  5,232,813 ","  522,534 ","  68,758 ","  67,652 ","  711,198 ","  144,246 ","  1,322,651 "
10009,"  6,750,830 ","  5,245,363 ","  512,186 ","  69,791 ","  67,658 ","  714,231 ","  141,601 ","  1,335,876 "
10010,"  6,752,299 ","  5,250,368 ","  502,428 ","  70,635 ","  67,483 ","  720,772 ","  140,613 ","  1,336,006 "
10011,"  6,760,153 ","  5,253,308 ","  493,221 ","  70,948 ","  67,148 ","  735,530 ","  139,998 ","  1,343,561 "
10012,"  6,780,695 ","  5,274,015 ","  482,918 ","  73,037 ","  67,036 ","  743,266 ","  140,423 ","  1,367,488 "
10101,"  6,744,378 ","  5,257,667 ","  471,787 ","  74,090 ","  65,852 ","  735,418 ","  139,564 ","  1,388,397 "
10102,"  6,716,310 ","  5,244,341 ","  463,334 ","  73,971 ","  64,733 ","  733,676 ","  136,255 ","  1,399,744 "
10103,"  6,713,634 ","  5,250,654 ","  453,937 ","  75,396 ","  64,110 ","  734,715 ","  134,822 ","  1,404,131 "
10104,"  6,728,257 ","  5,267,510 ","  444,366 ","  76,026 ","  63,708 ","  742,525 ","  134,122 ","  1,404,979 "
10105,"  6,751,687 ","  5,290,918 ","  434,386 ","  76,633 ","  63,622 ","  752,854 ","  133,274 ","  1,419,785 "
10106,"  6,777,043 ","  5,319,714 ","  426,022 ","  77,506 ","  63,521 ","  756,529 ","  133,751 ","  1,455,630 "
10107,"  6,798,621 ","  5,350,711 ","  417,040 ","  78,999 ","  63,179 ","  756,204 ","  132,488 ","  1,459,706 "
10108,"  6,805,642 ","  5,365,315 ","  408,799 ","  80,507 ","  62,902 ","  755,704 ","  132,415 ","  1,462,423 "
10109,"  6,810,416 ","  5,373,751 ","  401,852 ","  82,085 ","  64,362 ","  756,109 ","  132,257 ","  1,462,538 "
10110,"  6,812,762 ","  5,385,210 ","  394,216 ","  82,808 ","  63,587 ","  755,646 ","  131,295 ","  1,459,746 "
10111,"  6,831,520 ","  5,403,458 ","  386,954 ","  83,480 ","  63,040 ","  763,873 ","  130,715 ","  1,463,083 "
10112,"  6,844,124 ","  5,420,331 ","  380,459 ","  84,787 ","  62,936 ","  764,824 ","  130,787 ","  1,467,735 "
10201,"  6,846,267 ","  5,442,934 ","  370,849 ","  88,608 ","  62,167 ","  752,610 ","  129,099 ","  1,451,950 "
10202,"  6,818,992 ","  5,429,274 ","  364,928 ","  88,718 ","  61,065 ","  748,789 ","  126,218 ","  1,451,675 "
10203,"  6,811,191 ","  5,430,781 ","  357,430 ","  89,729 ","  60,280 ","  748,781 ","  124,190 ","  1,452,136 "
10204,"  6,817,257 ","  5,443,739 ","  350,608 ","  90,902 ","  59,672 ","  750,098 ","  122,238 ","  1,455,140 "
10205,"  6,838,268 ","  5,464,223 ","  342,673 ","  92,750 ","  59,329 ","  758,351 ","  120,942 ","  1,462,149 "
10206,"  6,859,178 ","  5,484,047 ","  336,317 ","  94,585 ","  58,931 ","  763,629 ","  121,669 ","  1,473,257 "
10207,"  6,873,779 ","  5,506,914 ","  328,841 ","  96,691 ","  58,583 ","  763,324 ","  119,426 ","  1,481,464 "
10208,"  6,879,574 ","  5,519,431 ","  321,621 ","  97,742 ","  58,255 ","  763,333 ","  119,192 ","  1,477,922 "
10209,"  6,903,073 ","  5,545,912 ","  315,952 ","  98,980 ","  57,607 ","  764,905 ","  119,717 ","  1,484,497 "
10210,"  6,920,731 ","  5,565,525 ","  309,908 ","  100,487 ","  57,131 ","  768,271 ","  119,409 ","  1,496,147 "
10211,"  6,954,671 ","  5,599,203 ","  304,304 ","  102,417 ","  56,461 ","  773,971 ","  118,315 ","  1,497,936 "
10212,"  7,005,972 ","  5,646,766 ","  298,032 ","  104,367 ","  56,253 ","  782,830 ","  117,724 ","  1,494,623 "
10301,"  7,021,776 ","  5,668,653 ","  291,864 ","  107,338 ","  55,783 ","  780,596 ","  117,542 ","  1,508,727 "
10302,"  7,006,831 ","  5,664,985 ","  287,036 ","  106,932 ","  54,813 ","  776,562 ","  116,503 ","  1,520,188 "
10303,"  7,012,970 ","  5,678,845 ","  281,173 ","  107,617 ","  54,112 ","  777,113 ","  114,110 ","  1,538,785 "
10304,"  7,038,370 ","  5,700,961 ","  275,873 ","  108,882 ","  53,574 ","  785,942 ","  113,138 ","  1,543,845 "
10305,"  7,066,499 ","  5,725,398 ","  270,771 ","  110,945 ","  53,106 ","  793,997 ","  112,282 ","  1,553,815 "
10306,"  7,088,734 ","  5,750,655 ","  265,891 ","  112,675 ","  52,495 ","  792,846 ","  114,172 ","  1,567,362 "
10307,"  7,111,786 ","  5,778,242 ","  260,768 ","  113,671 ","  51,964 ","  794,231 ","  112,910 ","  1,570,189 "
10308,"  7,125,449 ","  5,792,556 ","  256,273 ","  114,032 ","  51,781 ","  797,035 ","  113,772 ","  1,587,998 "
10309,"  7,136,393 ","  5,807,074 ","  251,708 ","  115,534 ","  50,850 ","  798,306 ","  112,921 ","  1,601,849 "
10310,"  7,144,161 ","  5,817,134 ","  247,416 ","  115,738 ","  50,339 ","  800,786 ","  112,748 ","  1,610,173 "
10311,"  7,170,793 ","  5,840,807 ","  243,342 ","  115,816 ","  49,848 ","  808,465 ","  112,515 ","  1,614,555 "
10312,"  7,202,656 ","  5,866,996 ","  238,749 ","  116,803 ","  49,502 ","  818,407 ","  112,199 ","  1,624,087 "
10401,"  7,203,228 ","  5,872,739 ","  234,448 ","  117,840 ","  49,157 ","  817,134 ","  111,910 ","  1,617,117 "
10402,"  7,193,313 ","  5,872,563 ","  230,916 ","  117,351 ","  48,390 ","  812,919 ","  111,174 ","  1,621,351 "
10403,"  7,190,065 ","  5,879,500 ","  226,175 ","  116,483 ","  48,672 ","  811,351 ","  107,884 ","  1,639,051 "
10404,"  7,204,515 ","  5,892,739 ","  222,262 ","  116,367 ","  48,267 ","  817,428 ","  107,452 ","  1,638,945 "
10405,"  7,223,902 ","  5,908,784 ","  217,945 ","  116,045 ","  47,967 ","  825,680 ","  107,481 ","  1,649,953 "
10406,"  7,241,255 ","  5,926,706 ","  213,327 ","  116,392 ","  47,661 ","  829,088 ","  108,081 ","  1,660,282 "
10407,"  7,260,892 ","  5,948,789 ","  208,396 ","  117,526 ","  47,850 ","  830,452 ","  107,879 ","  1,653,292 "
10408,"  7,271,400 ","  5,962,440 ","  203,723 ","  116,884 ","  48,009 ","  832,800 ","  107,544 ","  1,655,638 "
10409,"  7,283,543 ","  5,977,626 ","  198,861 ","  116,948 ","  48,056 ","  835,088 ","  106,964 ","  1,657,466 "
10410,"  7,302,773 ","  5,998,205 ","  194,282 ","  117,124 ","  47,931 ","  837,247 ","  107,984 ","  1,650,935 "
10411,"  7,336,784 ","  6,027,726 ","  189,329 ","  117,468 ","  47,843 ","  847,135 ","  107,283 ","  1,646,334 "
10412,"  7,448,962 ","  6,132,276 ","  184,040 ","  118,970 ","  48,413 ","  857,951 ","  107,312 ","  1,608,126 "
10501,"  7,446,448 ","  6,137,015 ","  179,361 ","  120,472 ","  48,432 ","  854,013 ","  107,155 ","  1,606,517 "
10502,"  7,422,006 ","  6,124,105 ","  175,137 ","  119,689 ","  47,845 ","  849,215 ","  106,015 ","  1,610,541 "
10503,"  7,412,449 ","  6,123,253 ","  169,400 ","  119,750 ","  47,571 ","  848,384 ","  104,091 ","  1,624,933 "
10504,"  7,430,427 ","  6,139,075 ","  165,311 ","  120,392 ","  47,523 ","  853,791 ","  104,335 ","  1,621,121 "
10505,"  7,460,067 ","  6,167,246 ","  160,936 ","  120,755 ","  47,653 ","  859,776 ","  103,701 ","  1,616,107 "
10506,"  7,492,180 ","  6,199,631 ","  156,894 ","  122,034 ","  47,806 ","  860,640 ","  105,175 ","  1,614,249 "
10507,"  7,520,739 ","  6,230,736 ","  153,440 ","  123,440 ","  47,968 ","  858,995 ","  106,160 ","  1,621,932 "
10508,"  7,529,953 ","  6,244,683 ","  149,949 ","  122,663 ","  48,083 ","  858,706 ","  105,869 ","  1,628,779 "
10509,"  7,558,667 ","  6,276,844 ","  147,161 ","  122,785 ","  47,976 ","  857,475 ","  106,426 ","  1,628,073 "
10510,"  7,579,357 ","  6,298,487 ","  144,720 ","  123,173 ","  47,926 ","  857,460 ","  107,591 ","  1,641,010 "
10511,"  7,611,657 ","  6,324,599 ","  142,157 ","  124,385 ","  48,028 ","  865,211 ","  107,277 ","  1,643,563 "
10512,"  7,662,302 ","  6,365,163 ","  139,710 ","  126,623 ","  48,690 ","  873,801 ","  108,315 ","  1,648,346 "
10601,"  7,675,614 ","  6,383,156 ","  137,255 ","  128,790 ","  48,778 ","  869,131 ","  108,504 ","  1,646,105 "
10602,"  7,663,027 ","  6,380,070 ","  135,086 ","  128,245 ","  48,376 ","  864,764 ","  106,486 ","  1,651,753 "
10603,"  7,678,942 ","  6,398,313 ","  132,374 ","  128,024 ","  48,429 ","  865,769 ","  106,033 ","  1,659,162 "
10604,"  7,705,881 ","  6,420,921 ","  130,317 ","  128,201 ","  48,676 ","  871,285 ","  106,481 ","  1,660,574 "
10605,"  7,735,120 ","  6,445,904 ","  128,005 ","  127,801 ","  48,869 ","  878,214 ","  106,327 ","  1,662,880 "
10606,"  7,774,566 ","  6,483,057 ","  125,709 ","  128,510 ","  49,417 ","  880,902 ","  106,971 ","  1,668,833 "
10607,"  7,794,639 ","  6,507,159 ","  123,614 ","  129,081 ","  49,772 ","  878,088 ","  106,925 ","  1,671,824 "
10608,"  7,817,855 ","  6,530,079 ","  121,374 ","  129,492 ","  50,273 ","  878,384 ","  108,253 ","  1,682,645 "
10609,"  7,845,042 ","  6,556,400 ","  119,349 ","  129,868 ","  50,668 ","  879,996 ","  108,761 ","  1,695,435 "
10610,"  7,861,641 ","  6,574,271 ","  117,401 ","  130,255 ","  50,861 ","  879,368 ","  109,485 ","  1,703,302 "
10611,"  7,907,496 ","  6,610,118 ","  115,451 ","  131,319 ","  51,256 ","  889,588 ","  109,764 ","  1,711,375 "
10612,"  7,953,112 ","  6,647,782 ","  113,607 ","  133,107 ","  52,320 ","  896,115 ","  110,181 ","  1,738,404 "
10701,"  7,978,871 ","  6,673,401 ","  111,338 ","  133,921 ","  52,983 ","  895,962 ","  111,266 ","  1,728,234 "
10702,"  7,975,963 ","  6,677,633 ","  109,706 ","  134,146 ","  52,752 ","  891,443 ","  110,283 ","  1,726,934 "
10703,"  7,995,158 ","  6,699,705 ","  107,483 ","  134,282 ","  52,914 ","  892,730 ","  108,044 ","  1,733,515 "
10704,"  8,015,687 ","  6,718,428 ","  105,610 ","  134,526 ","  53,213 ","  895,720 ","  108,190 ","  1,749,697 "
10705,"  8,056,194 ","  6,751,861 ","  103,713 ","  134,788 ","  53,830 ","  903,719 ","  108,283 ","  1,754,681 "
10706,"  8,093,874 ","  6,784,321 ","  101,975 ","  135,503 ","  54,345 ","  908,537 ","  109,193 ","  1,773,012 "
10707,"  8,121,855 ","  6,817,570 ","  100,037 ","  136,229 ","  54,703 ","  903,689 ","  109,627 ","  1,775,669 "
10708,"  8,144,892 ","  6,836,707 ","  98,277 ","  136,007 ","  54,813 ","  908,503 ","  110,585 ","  1,782,476 "
10709,"  8,175,513 ","  6,870,590 ","  96,685 ","  136,288 ","  54,760 ","  906,243 ","  110,947 ","  1,802,026 "
10710,"  8,211,972 ","  6,905,193 ","  94,829 ","  136,499 ","  54,694 ","  909,053 ","  111,704 ","  1,814,468 "
10711,"  8,260,261 ","  6,941,422 ","  93,174 ","  137,500 ","  54,738 ","  921,839 ","  111,588 ","  1,832,060 "
10712,"  8,304,378 ","  6,977,419 ","  91,739 ","  140,499 ","  55,317 ","  926,517 ","  112,887 ","  1,858,113 "
10801,"  8,317,160 ","  6,994,825 ","  89,776 ","  141,574 ","  55,285 ","  922,969 ","  112,731 ","  1,866,557 "
10802,"  8,316,354 ","  7,003,926 ","  88,392 ","  140,333 ","  54,532 ","  918,572 ","  110,599 ","  1,864,335 "
10803,"  8,334,915 ","  7,025,838 ","  86,771 ","  140,033 ","  54,239 ","  918,872 ","  109,162 ","  1,886,341 "
10804,"  8,368,182 ","  7,056,335 ","  85,190 ","  140,044 ","  53,968 ","  924,321 ","  108,324 ","  1,907,410 "
10805,"  8,421,286 ","  7,100,128 ","  83,656 ","  140,785 ","  53,676 ","  934,106 ","  108,935 ","  1,924,464 "
10806,"  8,469,073 ","  7,143,222 ","  82,244 ","  142,249 ","  53,470 ","  938,174 ","  109,714 ","  1,953,178 "
10807,"  8,527,764 ","  7,199,256 ","  80,667 ","  144,112 ","  53,270 ","  939,858 ","  110,601 ","  1,965,246 "
10808,"  8,548,417 ","  7,219,483 ","  79,171 ","  144,107 ","  52,979 ","  942,037 ","  110,640 ","  1,985,674 "
10809,"  8,588,761 ","  7,256,032 ","  77,946 ","  144,818 ","  52,568 ","  943,962 ","  113,435 ","  2,001,068 "
10810,"  8,643,048 ","  7,306,910 ","  76,654 ","  145,610 ","  52,265 ","  949,048 ","  112,561 ","  2,036,732 "
10811,"  8,703,092 ","  7,356,081 ","  75,434 ","  147,421 ","  52,123 ","  959,823 ","  112,210 ","  2,061,770 "
10812,"  8,773,371 ","  7,412,548 ","  74,119 ","  150,513 ","  52,675 ","  970,446 ","  113,070 ","  2,094,370 "
10901,"  8,781,893 ","  7,425,175 ","  72,886 ","  151,661 ","  52,415 ","  967,208 ","  112,548 ","  2,104,306 "
10902,"  8,812,299 ","  7,455,838 ","  71,735 ","  152,404 ","  52,067 ","  970,237 ","  110,018 ","  2,127,942 "
10903,"  8,861,643 ","  7,494,135 ","  70,500 ","  153,669 ","  52,325 ","  982,266 ","  108,748 ","  2,155,961 "
10904,"  8,910,131 ","  7,531,286 ","  69,370 ","  154,232 ","  53,819 ","  994,019 ","  107,405 ","  2,179,008 "
10905,"  9,001,857 ","  7,568,383 ","  68,270 ","  155,119 ","  54,179 ","  1,050,690 ","  105,216 ","  2,208,769 "
10906,"  9,075,675 ","  7,613,848 ","  67,158 ","  156,750 ","  54,498 ","  1,082,441 ","  100,980 ","  2,246,172 "
10907,"  9,136,229 ","  7,670,086 ","  66,243 ","  159,211 ","  54,655 ","  1,084,388 ","  101,646 ","  2,268,841 "
10908,"  9,207,278 ","  7,737,736 ","  65,373 ","  160,484 ","  54,454 ","  1,086,578 ","  102,653 ","  2,293,294 "
10909,"  9,288,860 ","  7,811,290 ","  64,503 ","  162,826 ","  54,325 ","  1,092,914 ","  103,002 ","  2,323,405 "
10910,"  9,358,307 ","  7,876,884 ","  63,671 ","  164,244 ","  54,014 ","  1,095,633 ","  103,861 ","  2,365,151 "
10911,"  9,449,602 ","  7,949,340 ","  63,035 ","  166,809 ","  53,805 ","  1,112,649 ","  103,964 ","  2,410,191 "
10912,"  9,559,212 ","  8,042,296 ","  62,182 ","  170,287 ","  54,563 ","  1,124,998 ","  104,886 ","  2,461,246 "
11001,"  9,624,013 ","  8,105,757 ","  61,392 ","  172,596 ","  54,664 ","  1,124,109 ","  105,495 ","  2,497,809 "
11002,"  9,641,825 ","  8,131,946 ","  60,699 ","  172,964 ","  54,214 ","  1,118,596 ","  103,406 ","  2,514,794 "
11003,"  9,696,796 ","  8,187,509 ","  59,728 ","  173,730 ","  54,018 ","  1,119,888 ","  101,923 ","  2,539,403 "
11004,"  9,764,116 ","  8,247,293 ","  59,049 ","  174,485 ","  53,869 ","  1,127,120 ","  102,300 ","  2,559,176 "
11005,"  9,849,117 ","  8,324,555 ","  58,313 ","  175,368 ","  54,104 ","  1,134,742 ","  102,035 ","  2,582,035 "
11006,"  9,976,004 ","  8,406,898 ","  57,711 ","  174,502 ","  53,764 ","  1,181,727 ","  101,402 ","  2,620,935 "
11007,"  10,028,772 ","  8,452,189 ","  57,075 ","  174,864 ","  53,669 ","  1,192,933 ","  98,042 ","  2,656,000 "
11008,"  10,062,312 ","  8,483,391 ","  56,620 ","  175,436 ","  53,652 ","  1,195,729 ","  97,484 ","  2,682,617 "
11009,"  10,127,030 ","  8,544,347 ","  56,115 ","  176,801 ","  53,342 ","  1,197,882 ","  98,543 ","  2,701,827 "
11010,"  10,205,291 ","  8,614,600 ","  55,656 ","  178,026 ","  52,975 ","  1,204,586 ","  99,448 ","  2,725,781 "
11011,"  10,300,126 ","  8,699,427 ","  55,063 ","  179,400 ","  52,614 ","  1,214,616 ","  99,006 ","  2,753,666 "
11012,"  10,419,858 ","  8,803,024 ","  54,544 ","  181,002 ","  53,189 ","  1,227,705 ","  100,394 ","  2,808,431 "
11101,"  10,492,518 ","  8,869,298 ","  53,885 ","  182,713 ","  53,150 ","  1,232,757 ","  100,715 ","  2,832,680 "
11102,"  10,512,032 ","  8,895,587 ","  53,340 ","  182,312 ","  52,506 ","  1,229,485 ","  98,802 ","  2,856,619 "
11103,"  10,581,556 ","  8,961,316 ","  52,659 ","  183,192 ","  52,148 ","  1,234,470 ","  97,771 ","  2,885,684 "
11104,"  10,653,019 ","  9,021,752 ","  52,086 ","  183,877 ","  51,960 ","  1,245,693 ","  97,651 ","  2,899,608 "
11105,"  10,728,030 ","  9,090,648 ","  51,492 ","  184,179 ","  51,379 ","  1,252,870 ","  97,462 ","  2,925,680 "
11106,"  10,783,055 ","  9,140,607 ","  50,873 ","  184,691 ","  50,806 ","  1,257,425 ","  98,653 ","  2,958,045 "
11107,"  10,830,336 ","  9,182,490 ","  50,207 ","  185,466 ","  50,181 ","  1,262,402 ","  99,590 ","  2,988,731 "
11108,"  10,857,472 ","  9,207,541 ","  49,464 ","  187,143 ","  49,377 ","  1,263,730 ","  100,217 ","  3,004,608 "
11109,"  10,896,310 ","  9,242,675 ","  48,878 ","  187,961 ","  48,503 ","  1,267,033 ","  101,260 ","  3,027,250 "
11110,"  10,927,646 ","  9,269,381 ","  48,419 ","  188,486 ","  47,661 ","  1,271,626 ","  102,073 ","  3,057,827 "
11111,"  10,991,298 ","  9,320,427 ","  47,814 ","  191,225 ","  46,925 ","  1,282,345 ","  102,562 ","  3,083,842 "
11112,"  11,062,053 ","  9,377,342 ","  47,301 ","  193,946 ","  46,109 ","  1,292,839 ","  104,516 ","  3,097,898 "
11201,"  11,039,989 ","  9,366,454 ","  46,785 ","  193,921 ","  44,942 ","  1,284,584 ","  103,303 ","  3,121,254 "
11202,"  11,059,372 ","  9,388,074 ","  46,318 ","  196,379 ","  44,061 ","  1,283,110 ","  101,430 ","  3,139,628 "
11203,"  11,087,211 ","  9,414,921 ","  45,773 ","  197,901 ","  43,126 ","  1,283,617 ","  101,873 ","  3,150,306 "
11204,"  11,125,382 ","  9,447,995 ","  45,253 ","  199,750 ","  42,385 ","  1,287,182 ","  102,817 ","  3,172,230 "
11205,"  11,190,353 ","  9,503,181 ","  44,698 ","  203,173 ","  41,680 ","  1,295,740 ","  101,881 ","  3,187,768 "
11206,"  11,262,173 ","  9,563,803 ","  44,100 ","  206,414 ","  40,985 ","  1,303,408 ","  103,463 ","  3,206,059 "
11207,"  11,310,009 ","  9,616,422 ","  43,448 ","  208,230 ","  40,324 ","  1,296,997 ","  104,588 ","  3,213,544 "
11208,"  11,368,535 ","  9,681,434 ","  42,773 ","  210,083 ","  39,689 ","  1,292,648 ","  101,908 ","  3,226,426 "
11209,"  11,450,441 ","  9,760,782 ","  42,277 ","  212,486 ","  39,202 ","  1,292,445 ","  103,249 ","  3,234,917 "
11210,"  11,535,950 ","  9,839,783 ","  41,693 ","  213,740 ","  38,556 ","  1,298,736 ","  103,442 ","  3,235,893 "
11211,"  11,644,428 ","  9,932,141 ","  41,132 ","  216,319 ","  38,147 ","  1,313,217 ","  103,472 ","  3,235,052 "
11212,"  11,767,099 ","  10,037,686 ","  40,576 ","  219,480 ","  38,312 ","  1,325,831 ","  105,214 ","  3,225,760 "
11301,"  11,848,198 ","  10,113,979 ","  39,896 ","  221,987 ","  37,883 ","  1,328,899 ","  105,554 ","  3,239,746 "
11302,"  11,863,661 ","  10,137,597 ","  39,307 ","  222,300 ","  37,186 ","  1,324,472 ","  102,799 ","  3,254,629 "